rank,strategy_id,tier,instrument,timeframe,total_trades,qualified,composite_score,net_profit,sharpe_ratio,profit_factor,max_drawdown_pct,win_rate,status
1,factory_hyb_stoch_trend_v1,hybrid_gen1,EURUSD,H4,74,0,0.6771,2134.08,3.506,1.57,3.0,0.5,ok
2,factory_hyb_macd_ema_trend_v1,hybrid_gen1,USDJPY,H4,83,1,0.6574,359.86,3.485,1.678,0.9,0.434,ok
3,factory_hyb_macd_rsi_v1,hybrid_gen1,USDJPY,H4,98,1,0.6226,321.71,2.792,1.535,0.9,0.418,ok
4,factory_hyb_donchian_adx_v1,hybrid_gen1,USDCHF,H4,83,1,0.61,1932.03,2.623,1.433,7.73,0.47,ok
5,factory_trad_roc_momentum_v1,traditional_gen1,NZDUSD,H1,6,0,0.5874,367.32,8.082,3.508,1.39,0.667,ok
6,factory_trad_cci_meanrev_v1,traditional_gen1,EURUSD,H4,243,1,0.5441,3489.11,1.873,1.242,12.73,0.531,ok
7,factory_trad_rsi_meanrev_v1,traditional_gen1,AUDUSD,H1,304,1,0.5403,4160.49,1.631,1.215,12.57,0.477,ok
8,factory_hyb_psar_macd_v1,hybrid_gen1,USDJPY,H4,79,0,0.5248,197.19,1.872,1.312,1.17,0.38,ok
9,factory_hyb_donchian_adx_v1,hybrid_gen1,NZDUSD,H4,82,1,0.5212,1352.13,1.981,1.316,7.73,0.439,ok
10,factory_trad_sma_trend_v1,traditional_gen1,USDJPY,H4,279,1,0.5151,453.93,1.484,1.298,1.21,0.294,ok
11,factory_hyb_macd_ema_trend_v1,hybrid_gen1,EURUSD,H4,95,1,0.5109,1395.62,1.75,1.267,6.58,0.379,ok
12,factory_hyb_ema_rsi_pullback_v1,hybrid_gen1,GBPUSD,H4,2,0,0.5059,94.82,3.661,1.93,1.0,0.5,ok
13,factory_trad_macd_cross_v1,traditional_gen1,USDJPY,H4,217,1,0.5021,315.2,1.419,1.258,1.15,0.378,ok
14,factory_trad_sma_crossover_v1,traditional_gen1,EURUSD,H1,430,1,0.4931,4127.2,1.141,1.168,13.94,0.388,ok
15,factory_hyb_macd_rsi_v1,hybrid_gen1,USDCAD,H4,57,0,0.49,960.25,2.16,1.382,7.27,0.386,ok
16,factory_hyb_bb_rsi_v1,hybrid_gen1,USDCAD,H4,49,0,0.4861,1057.64,2.784,1.394,10.57,0.51,ok
17,factory_hyb_macd_rsi_v1,hybrid_gen1,EURUSD,H4,108,1,0.4776,1420.47,1.63,1.257,6.86,0.37,ok
18,factory_trad_macd_zero_v1,traditional_gen1,USDJPY,H4,214,1,0.4736,338.23,1.279,1.226,2.04,0.374,ok
19,factory_trad_sr_breakout_v1,traditional_gen1,USDJPY,H4,90,1,0.4728,165.62,1.319,1.21,0.97,0.4,ok
20,factory_trad_sr_breakout_v1,traditional_gen1,USDCHF,H4,70,0,0.4664,847.59,1.47,1.208,6.79,0.429,ok
21,factory_trad_bb_meanrev_v1,traditional_gen1,GBPUSD,H1,630,1,0.4645,4747.19,0.975,1.125,16.63,0.494,ok
22,factory_trad_rsi_meanrev_v1,traditional_gen1,GBPUSD,H1,316,1,0.4432,3602.11,1.398,1.162,18.92,0.456,ok
23,factory_hyb_stoch_trend_v1,hybrid_gen1,USDJPY,H4,73,0,0.4415,117.21,1.323,1.2,1.71,0.452,ok
24,factory_trad_rsi_meanrev_v1,traditional_gen1,EURUSD,H1,307,1,0.4373,2641.31,1.121,1.135,13.61,0.45,ok
25,factory_trad_sr_bounce_v1,traditional_gen1,GBPUSD,H1,566,1,0.436,3694.13,0.86,1.106,16.59,0.461,ok
26,factory_hyb_sma_adx_v1,hybrid_gen1,USDCHF,H4,41,0,0.434,508.15,1.498,1.21,4.26,0.415,ok
27,factory_hyb_ema_rsi_pullback_v1,hybrid_gen1,USDCAD,H4,1,0,0.4288,194.58,0.0,inf,0.0,1.0,ok
28,factory_trad_stochastic_v1,traditional_gen1,EURUSD,H4,236,1,0.4281,2024.12,1.216,1.156,13.74,0.504,ok
29,factory_trad_bb_meanrev_v1,traditional_gen1,EURUSD,H4,153,1,0.4259,1985.07,1.69,1.21,17.11,0.484,ok
30,factory_hyb_macd_ema_trend_v1,hybrid_gen1,USDCHF,H4,102,1,0.4244,885.23,1.123,1.152,6.99,0.343,ok
31,factory_trad_adx_trend_v1,traditional_gen1,USDCHF,H4,138,1,0.4236,1274.32,1.227,1.192,9.77,0.37,ok
32,factory_hyb_macd_rsi_v1,hybrid_gen1,GBPUSD,H4,113,1,0.4224,817.77,0.992,1.141,7.36,0.354,ok
33,factory_hyb_stoch_trend_v1,hybrid_gen1,NZDUSD,H4,74,0,0.4222,1008.32,1.784,1.251,8.9,0.459,ok
34,factory_trad_rsi_trend_v1,traditional_gen1,USDJPY,H4,207,1,0.4179,235.87,0.913,1.148,1.67,0.357,ok
35,factory_trad_rsi_meanrev_v1,traditional_gen1,NZDUSD,H4,83,1,0.4156,552.64,0.95,1.115,7.57,0.434,ok
36,factory_trad_cci_meanrev_v1,traditional_gen1,USDCAD,H4,122,1,0.4109,1482.31,1.716,1.229,12.32,0.525,ok
37,factory_trad_donchian_breakout_v1,traditional_gen1,USDCHF,H4,118,1,0.4109,779.32,0.878,1.116,8.47,0.398,ok
38,factory_trad_atr_trail_v1,traditional_gen1,USDJPY,H4,289,1,0.4053,263.31,0.859,1.159,2.56,0.277,ok
39,factory_hyb_macd_ema_trend_v1,hybrid_gen1,USDCAD,H4,51,0,0.4034,606.84,1.518,1.241,7.99,0.373,ok
40,factory_trad_adx_trend_v1,traditional_gen1,USDJPY,H4,155,1,0.4025,159.21,0.823,1.134,1.59,0.381,ok
41,factory_hyb_macd_ema_trend_v1,hybrid_gen1,NZDUSD,H4,85,1,0.4009,950.45,1.431,1.212,8.38,0.388,ok
42,factory_trad_ema_trend_v1,traditional_gen1,USDJPY,H4,295,1,0.4006,256.11,0.823,1.152,2.56,0.271,ok
43,factory_trad_bb_breakout_v1,traditional_gen1,USDJPY,H1,473,1,0.3951,131.12,0.416,1.064,1.49,0.385,ok
44,factory_trad_atr_breakout_v1,traditional_gen1,USDCAD,H4,100,1,0.3948,501.71,0.821,1.123,7.06,0.4,ok
45,factory_hyb_bb_rsi_v1,hybrid_gen1,AUDUSD,H1,395,1,0.3926,2498.27,0.859,1.107,15.46,0.456,ok
46,factory_trad_bb_meanrev_v1,traditional_gen1,NZDUSD,H4,155,1,0.3898,918.32,0.872,1.104,7.36,0.465,ok
47,factory_trad_adx_trend_v1,traditional_gen1,USDCAD,H4,68,0,0.389,616.83,1.258,1.204,8.89,0.382,ok
48,factory_trad_sma_crossover_v1,traditional_gen1,USDJPY,H1,434,1,0.3888,89.65,0.361,1.058,1.15,0.353,ok
49,factory_hyb_macd_rsi_v1,hybrid_gen1,USDCHF,H4,121,1,0.3875,772.97,0.887,1.122,8.47,0.347,ok
50,factory_trad_vwap_bias_v1,traditional_gen1,USDJPY,H1,1570,1,0.3782,271.11,0.386,1.076,1.72,0.273,ok
51,factory_trad_keltner_breakout_v1,traditional_gen1,USDJPY,H1,337,1,0.3713,95.71,0.389,1.059,2.07,0.386,ok
52,factory_hyb_bb_rsi_v1,hybrid_gen1,NZDUSD,H4,106,1,0.3704,569.07,0.795,1.092,9.51,0.425,ok
53,factory_trad_rsi_trend_v1,traditional_gen1,USDJPY,H1,745,1,0.3671,113.13,0.24,1.038,1.97,0.349,ok
54,factory_trad_atr_breakout_v1,traditional_gen1,USDCHF,H4,203,1,0.3668,1275.28,0.912,1.145,12.32,0.374,ok
55,factory_trad_price_vs_ma_v1,traditional_gen1,USDJPY,H1,1686,1,0.3644,170.61,0.24,1.048,1.58,0.268,ok
56,factory_trad_psar_v1,traditional_gen1,USDJPY,H4,263,1,0.3605,91.16,0.385,1.062,2.01,0.365,ok
57,factory_trad_sr_breakout_v1,traditional_gen1,USDCAD,H4,34,0,0.3588,446.92,1.546,1.229,10.52,0.382,ok
58,factory_trad_cci_meanrev_v1,traditional_gen1,NZDUSD,H4,244,1,0.3584,1443.87,0.901,1.1,14.44,0.5,ok
59,factory_trad_sr_breakout_v1,traditional_gen1,USDCHF,H1,274,1,0.3556,1454.47,0.698,1.081,18.15,0.387,ok
60,factory_trad_roc_momentum_v1,traditional_gen1,GBPUSD,H1,1,0,0.3543,63.04,0.0,inf,0.0,1.0,ok
61,factory_trad_sma_crossover_v1,traditional_gen1,USDJPY,H4,105,1,0.3528,70.27,0.557,1.088,1.62,0.352,ok
62,factory_trad_cci_meanrev_v1,traditional_gen1,USDJPY,H1,924,1,0.3487,-322.8,-0.626,0.912,5.15,0.452,ok
63,factory_trad_macd_zero_v1,traditional_gen1,USDJPY,H1,789,1,0.3486,61.41,0.133,1.021,3.04,0.338,ok
64,factory_trad_sr_bounce_v1,traditional_gen1,USDJPY,H1,557,1,0.3485,-449.09,-1.323,0.819,5.57,0.393,ok
65,factory_trad_cci_meanrev_v1,traditional_gen1,GBPUSD,H1,950,1,0.3483,2863.5,0.486,1.058,19.37,0.504,ok
66,factory_trad_cci_meanrev_v1,traditional_gen1,USDJPY,H4,255,1,0.3476,-261.64,-0.972,0.87,4.28,0.439,ok
67,factory_hyb_stoch_trend_v1,hybrid_gen1,USDJPY,H1,248,1,0.3471,-358.25,-2.501,0.698,4.39,0.335,ok
68,factory_hyb_macd_rsi_v1,hybrid_gen1,USDJPY,H1,410,1,0.3467,-100.78,-0.391,0.936,2.17,0.29,ok
69,factory_trad_pivot_bounce_v1,traditional_gen1,USDJPY,H1,4156,1,0.344,-332.21,-0.305,0.943,5.73,0.408,ok
70,factory_trad_adx_trend_v1,traditional_gen1,NZDUSD,H4,113,1,0.3431,917.69,1.133,1.178,13.37,0.372,ok
71,factory_trad_bb_meanrev_v1,traditional_gen1,USDJPY,H1,613,1,0.3429,-81.16,-0.207,0.969,3.1,0.406,ok
72,factory_hyb_bb_rsi_v1,hybrid_gen1,USDJPY,H1,420,1,0.3423,-150.19,-0.546,0.923,2.68,0.374,ok
73,factory_hyb_keltner_adx_v1,hybrid_gen1,USDJPY,H1,287,1,0.3412,52.01,0.246,1.036,1.65,0.376,ok
74,factory_hyb_macd_ema_trend_v1,hybrid_gen1,USDJPY,H1,344,1,0.3402,-90.31,-0.416,0.935,2.62,0.308,ok
75,factory_trad_stochastic_v1,traditional_gen1,USDJPY,H1,828,1,0.3397,-341.64,-0.747,0.898,5.28,0.437,ok
76,factory_hyb_stoch_trend_v1,hybrid_gen1,GBPUSD,H4,69,0,0.3391,524.05,1.057,1.138,9.39,0.435,ok
77,factory_trad_sma_trend_v1,traditional_gen1,USDJPY,H1,1124,1,0.3372,29.55,0.056,1.009,1.72,0.246,ok
78,factory_trad_donchian_breakout_v1,traditional_gen1,USDJPY,H1,468,1,0.3348,11.5,0.045,1.006,2.6,0.372,ok
79,factory_trad_sr_bounce_v1,traditional_gen1,USDJPY,H4,144,1,0.3337,-418.94,-2.533,0.694,4.59,0.347,ok
80,factory_trad_rsi_meanrev_v1,traditional_gen1,USDJPY,H1,368,1,0.3332,-87.46,-0.339,0.951,3.11,0.383,ok
81,factory_trad_atr_trail_v1,traditional_gen1,USDJPY,H1,1204,1,0.333,-379.13,-0.635,0.887,4.54,0.219,ok
82,factory_trad_atr_breakout_v1,traditional_gen1,USDJPY,H4,201,1,0.3322,122.58,0.557,1.095,2.97,0.338,ok
83,factory_trad_ema_trend_v1,traditional_gen1,USDJPY,H1,1219,1,0.3318,-368.66,-0.612,0.891,4.43,0.221,ok
84,factory_hyb_sma_adx_v1,hybrid_gen1,AUDUSD,H1,163,1,0.3313,276.68,0.307,1.029,11.67,0.368,ok
85,factory_trad_stochastic_v1,traditional_gen1,USDJPY,H4,240,1,0.3285,-219.48,-0.86,0.886,4.19,0.425,ok
86,factory_hyb_ema_macd_v1,hybrid_gen1,EURUSD,H4,95,1,0.3283,580.44,0.818,1.109,9.65,0.347,ok
87,factory_trad_ema_crossover_v1,traditional_gen1,EURUSD,H4,95,1,0.3283,580.44,0.818,1.109,9.65,0.347,ok
88,factory_hyb_sma_adx_v1,hybrid_gen1,GBPUSD,H1,161,1,0.3282,386.49,0.393,1.04,11.73,0.391,ok
89,factory_trad_bb_meanrev_v1,traditional_gen1,USDJPY,H4,156,1,0.3243,-284.89,-1.574,0.8,3.59,0.397,ok
90,factory_trad_atr_breakout_v1,traditional_gen1,EURUSD,H4,200,1,0.3235,401.71,0.363,1.043,8.86,0.365,ok
91,factory_trad_bb_meanrev_v1,traditional_gen1,AUDUSD,H1,576,1,0.321,1987.65,0.533,1.058,18.46,0.467,ok
92,factory_trad_rsi_meanrev_v1,traditional_gen1,USDJPY,H4,104,1,0.3183,-177.08,-1.387,0.819,2.3,0.365,ok
93,factory_trad_cci_meanrev_v1,traditional_gen1,AUDUSD,H4,237,1,0.3146,1077.58,0.722,1.086,19.91,0.502,ok
94,factory_hyb_psar_macd_v1,hybrid_gen1,USDCHF,H4,77,0,0.3126,257.31,0.494,1.055,7.77,0.377,ok
95,factory_trad_macd_cross_v1,traditional_gen1,USDJPY,H1,839,1,0.3122,128.77,0.313,1.053,1.77,0.348,ok
96,factory_trad_donchian_breakout_v1,traditional_gen1,USDJPY,H4,132,1,0.3106,33.32,0.207,1.029,2.32,0.356,ok
97,factory_trad_vwap_bias_v1,traditional_gen1,USDJPY,H4,414,1,0.3093,17.96,0.061,1.009,2.0,0.261,ok
98,factory_trad_keltner_breakout_v1,traditional_gen1,USDJPY,H4,99,1,0.3076,11.03,0.097,1.012,2.22,0.354,ok
99,factory_trad_sr_bounce_v1,traditional_gen1,GBPUSD,H4,146,1,0.304,240.09,0.31,1.028,11.59,0.425,ok
100,factory_hyb_bb_rsi_v1,hybrid_gen1,USDJPY,H4,118,1,0.3038,-275.8,-1.988,0.753,3.45,0.356,ok
101,factory_trad_bb_breakout_v1,traditional_gen1,USDJPY,H4,124,1,0.303,-35.37,-0.201,0.968,2.8,0.331,ok
102,factory_hyb_macd_ema_trend_v1,hybrid_gen1,GBPUSD,H4,100,1,0.3019,98.11,0.221,1.018,7.97,0.34,ok
103,factory_trad_psar_v1,traditional_gen1,USDJPY,H1,974,1,0.2996,87.74,0.179,1.03,3.42,0.371,ok
104,factory_hyb_sma_adx_v1,hybrid_gen1,USDJPY,H1,157,1,0.296,-24.55,-0.216,0.966,1.55,0.35,ok
105,factory_hyb_keltner_adx_v1,hybrid_gen1,USDJPY,H4,86,1,0.2954,-7.21,-0.039,0.992,2.23,0.337,ok
106,factory_trad_pivot_bounce_v1,traditional_gen1,USDJPY,H4,1110,1,0.2945,-220.23,-0.387,0.93,2.97,0.441,ok
107,factory_hyb_psar_macd_v1,hybrid_gen1,USDJPY,H1,309,1,0.2928,-105.28,-0.503,0.924,1.92,0.337,ok
108,factory_trad_price_vs_ma_v1,traditional_gen1,USDJPY,H4,469,1,0.2921,-229.23,-0.589,0.895,3.67,0.23,ok
109,factory_hyb_bb_rsi_v1,hybrid_gen1,AUDUSD,H4,113,1,0.2897,199.82,0.329,1.03,11.64,0.434,ok
110,factory_trad_atr_breakout_v1,traditional_gen1,USDJPY,H1,755,1,0.2861,14.45,0.039,1.005,3.31,0.36,ok
111,factory_trad_stochastic_v1,traditional_gen1,NZDUSD,H4,234,1,0.282,607.43,0.458,1.047,13.06,0.496,ok
112,factory_hyb_keltner_adx_v1,hybrid_gen1,GBPUSD,H4,78,0,0.2819,411.96,0.715,1.094,16.06,0.397,ok
113,factory_hyb_ema_macd_v1,hybrid_gen1,USDJPY,H1,374,1,0.2809,-14.44,-0.057,0.99,1.96,0.324,ok
114,factory_trad_ema_crossover_v1,traditional_gen1,USDJPY,H1,374,1,0.2809,-14.44,-0.057,0.99,1.96,0.324,ok
115,factory_trad_psar_v1,traditional_gen1,USDCHF,H4,260,1,0.2806,755.42,0.522,1.073,15.69,0.412,ok
116,factory_trad_sma_trend_v1,traditional_gen1,USDCAD,H4,133,1,0.2797,120.05,0.218,1.024,13.72,0.248,ok
117,factory_hyb_ema_macd_v1,hybrid_gen1,USDJPY,H4,87,1,0.2794,-59.42,-0.582,0.914,2.04,0.322,ok
118,factory_trad_ema_crossover_v1,traditional_gen1,USDJPY,H4,87,1,0.2794,-59.42,-0.582,0.914,2.04,0.322,ok
119,factory_trad_cci_meanrev_v1,traditional_gen1,USDCHF,H4,244,1,0.2783,808.87,0.556,1.058,15.37,0.492,ok
120,factory_trad_pivot_bounce_v1,traditional_gen1,GBPUSD,H4,1243,1,0.2774,159.87,0.08,1.007,11.36,0.439,ok
121,factory_trad_sr_breakout_v1,traditional_gen1,USDJPY,H1,308,1,0.2762,-160.54,-0.715,0.898,2.15,0.37,ok
122,factory_hyb_donchian_adx_v1,hybrid_gen1,USDCHF,H1,317,1,0.2751,538.4,0.305,1.028,17.09,0.366,ok
123,factory_hyb_donchian_adx_v1,hybrid_gen1,USDJPY,H4,100,1,0.2749,-69.93,-0.487,0.929,2.91,0.32,ok
124,factory_hyb_donchian_adx_v1,hybrid_gen1,USDJPY,H1,344,1,0.2733,-205.26,-0.85,0.88,2.45,0.369,ok
125,factory_trad_rsi_meanrev_v1,traditional_gen1,USDCHF,H4,99,1,0.2728,-257.96,-0.26,0.955,13.03,0.394,ok
126,factory_hyb_stoch_trend_v1,hybrid_gen1,AUDUSD,H4,75,0,0.2718,-309.26,-0.471,0.927,16.39,0.373,ok
127,factory_trad_adx_trend_v1,traditional_gen1,USDJPY,H1,495,1,0.2717,-60.17,-0.175,0.97,3.44,0.352,ok
128,factory_trad_bb_meanrev_v1,traditional_gen1,USDCAD,H4,67,0,0.2712,-76.94,-0.065,0.98,9.83,0.433,ok
129,factory_trad_roc_momentum_v1,traditional_gen1,EURUSD,H4,2,0,0.2711,4.59,0.308,1.045,1.0,0.5,ok
130,factory_hyb_donchian_adx_v1,hybrid_gen1,AUDUSD,H4,89,1,0.2708,-1254.54,-1.85,0.76,16.31,0.303,ok
131,factory_hyb_bb_rsi_v1,hybrid_gen1,USDCHF,H4,102,1,0.2704,-4.95,0.087,0.999,11.01,0.402,ok
132,factory_trad_sr_breakout_v1,traditional_gen1,EURUSD,H4,77,0,0.2685,81.3,0.229,1.017,8.1,0.377,ok
133,factory_trad_ema_trend_v1,traditional_gen1,USDCHF,H4,345,1,0.2669,421.32,0.268,1.034,16.87,0.243,ok
134,factory_hyb_ema_macd_v1,hybrid_gen1,NZDUSD,H4,95,1,0.2668,-741.26,-0.922,0.865,12.98,0.305,ok
135,factory_trad_ema_crossover_v1,traditional_gen1,NZDUSD,H4,95,1,0.2668,-741.26,-0.922,0.865,12.98,0.305,ok
136,factory_hyb_macd_ema_trend_v1,hybrid_gen1,AUDUSD,H4,93,1,0.2661,-479.57,-0.557,0.913,11.8,0.312,ok
137,factory_trad_psar_v1,traditional_gen1,EURUSD,H4,263,1,0.2659,-857.22,-0.451,0.921,12.15,0.373,ok
138,factory_trad_sr_bounce_v1,traditional_gen1,EURUSD,H4,149,1,0.2658,238.7,0.305,1.026,13.11,0.423,ok
139,factory_trad_keltner_breakout_v1,traditional_gen1,USDCHF,H4,88,1,0.2653,-325.65,-0.352,0.938,10.12,0.375,ok
140,factory_hyb_ema_rsi_pullback_v1,hybrid_gen1,GBPUSD,H1,4,0,0.2644,27.99,0.877,1.141,1.99,0.5,ok
141,factory_hyb_sma_adx_v1,hybrid_gen1,USDCHF,H1,150,1,0.2636,333.19,0.372,1.039,13.16,0.4,ok
142,factory_trad_sr_breakout_v1,traditional_gen1,AUDUSD,H4,85,1,0.2615,-927.18,-1.314,0.825,17.67,0.329,ok
143,factory_hyb_keltner_adx_v1,hybrid_gen1,USDCAD,H1,132,1,0.2614,118.88,0.211,1.015,15.85,0.364,ok
144,factory_trad_keltner_breakout_v1,traditional_gen1,AUDUSD,H4,82,1,0.2606,-1475.06,-2.385,0.705,19.97,0.305,ok
145,factory_hyb_bb_rsi_v1,hybrid_gen1,GBPUSD,H1,411,1,0.26,1509.12,0.557,1.057,26.33,0.431,ok
146,factory_trad_bb_breakout_v1,traditional_gen1,NZDUSD,H4,122,1,0.2582,-436.07,-0.357,0.936,12.17,0.336,ok
147,factory_hyb_macd_rsi_v1,hybrid_gen1,AUDUSD,H4,122,1,0.2581,-632.11,-0.654,0.897,12.57,0.303,ok
148,factory_trad_sr_breakout_v1,traditional_gen1,NZDUSD,H4,77,0,0.2578,-861.58,-1.427,0.802,17.23,0.338,ok
149,factory_trad_keltner_breakout_v1,traditional_gen1,AUDUSD,H1,312,1,0.2573,-1953.46,-0.763,0.891,21.36,0.346,ok
150,factory_trad_keltner_breakout_v1,traditional_gen1,USDCAD,H1,166,1,0.2567,1.94,0.106,1.0,17.02,0.355,ok
151,factory_trad_sma_crossover_v1,traditional_gen1,EURUSD,H4,123,1,0.2543,-814.39,-0.766,0.883,17.42,0.325,ok
152,factory_hyb_psar_macd_v1,hybrid_gen1,AUDUSD,H4,79,0,0.2538,84.46,0.23,1.017,11.59,0.354,ok
153,factory_hyb_psar_macd_v1,hybrid_gen1,NZDUSD,H4,76,0,0.2532,-1072.93,-1.756,0.765,18.32,0.303,ok
154,factory_trad_sr_bounce_v1,traditional_gen1,USDCHF,H4,148,1,0.2521,-518.03,-0.394,0.941,18.91,0.412,ok
155,factory_hyb_stoch_trend_v1,hybrid_gen1,USDCHF,H4,63,0,0.2505,-80.37,-0.081,0.978,9.67,0.397,ok
156,factory_hyb_psar_macd_v1,hybrid_gen1,USDCAD,H1,164,1,0.2503,74.51,0.158,1.008,16.78,0.36,ok
157,factory_hyb_ema_rsi_pullback_v1,hybrid_gen1,USDJPY,H4,0,0,0.25,0.0,0.0,0.0,0.0,0.0,ok
158,factory_hyb_ema_rsi_pullback_v1,hybrid_gen1,AUDUSD,H4,0,0,0.25,0.0,0.0,0.0,0.0,0.0,ok
159,factory_trad_obv_confirm_v1,traditional_gen1,EURUSD,H1,0,0,0.25,0.0,0.0,0.0,0.0,0.0,ok
160,factory_trad_obv_confirm_v1,traditional_gen1,EURUSD,H4,0,0,0.25,0.0,0.0,0.0,0.0,0.0,ok
161,factory_trad_obv_confirm_v1,traditional_gen1,GBPUSD,H1,0,0,0.25,0.0,0.0,0.0,0.0,0.0,ok
162,factory_trad_obv_confirm_v1,traditional_gen1,GBPUSD,H4,0,0,0.25,0.0,0.0,0.0,0.0,0.0,ok
163,factory_trad_obv_confirm_v1,traditional_gen1,USDCHF,H1,0,0,0.25,0.0,0.0,0.0,0.0,0.0,ok
164,factory_trad_obv_confirm_v1,traditional_gen1,USDCHF,H4,0,0,0.25,0.0,0.0,0.0,0.0,0.0,ok
165,factory_trad_obv_confirm_v1,traditional_gen1,USDJPY,H1,0,0,0.25,0.0,0.0,0.0,0.0,0.0,ok
166,factory_trad_obv_confirm_v1,traditional_gen1,USDJPY,H4,0,0,0.25,0.0,0.0,0.0,0.0,0.0,ok
167,factory_trad_obv_confirm_v1,traditional_gen1,USDCAD,H1,0,0,0.25,0.0,0.0,0.0,0.0,0.0,ok
168,factory_trad_obv_confirm_v1,traditional_gen1,USDCAD,H4,0,0,0.25,0.0,0.0,0.0,0.0,0.0,ok
169,factory_trad_obv_confirm_v1,traditional_gen1,AUDUSD,H1,0,0,0.25,0.0,0.0,0.0,0.0,0.0,ok
170,factory_trad_obv_confirm_v1,traditional_gen1,AUDUSD,H4,0,0,0.25,0.0,0.0,0.0,0.0,0.0,ok
171,factory_trad_obv_confirm_v1,traditional_gen1,NZDUSD,H1,0,0,0.25,0.0,0.0,0.0,0.0,0.0,ok
172,factory_trad_obv_confirm_v1,traditional_gen1,NZDUSD,H4,0,0,0.25,0.0,0.0,0.0,0.0,0.0,ok
173,factory_trad_roc_momentum_v1,traditional_gen1,USDCAD,H1,0,0,0.25,0.0,0.0,0.0,0.0,0.0,ok
174,factory_trad_roc_momentum_v1,traditional_gen1,USDCAD,H4,0,0,0.25,0.0,0.0,0.0,0.0,0.0,ok
175,factory_hyb_ema_macd_v1,hybrid_gen1,AUDUSD,H4,107,1,0.2484,-1536.18,-2.017,0.737,19.92,0.243,ok
176,factory_trad_ema_crossover_v1,traditional_gen1,AUDUSD,H4,107,1,0.2484,-1536.18,-2.017,0.737,19.92,0.243,ok
177,factory_trad_psar_v1,traditional_gen1,NZDUSD,H4,289,1,0.2479,-1512.58,-0.872,0.867,19.07,0.353,ok
178,factory_hyb_keltner_adx_v1,hybrid_gen1,AUDUSD,H4,69,0,0.2461,-1349.73,-2.619,0.682,19.34,0.304,ok
179,factory_hyb_sma_adx_v1,hybrid_gen1,NZDUSD,H1,156,1,0.2457,-1007.74,-0.769,0.891,18.06,0.353,ok
180,factory_hyb_stoch_trend_v1,hybrid_gen1,USDCAD,H4,32,0,0.2443,-863.75,-3.925,0.583,11.34,0.312,ok
181,factory_trad_vwap_bias_v1,traditional_gen1,AUDUSD,H4,402,1,0.2443,-1454.71,-0.698,0.875,22.05,0.249,ok
182,factory_hyb_keltner_adx_v1,hybrid_gen1,USDCHF,H4,75,0,0.2434,-479.4,-0.707,0.891,9.69,0.373,ok
183,factory_trad_bb_breakout_v1,traditional_gen1,AUDUSD,H4,128,1,0.2434,-628.38,-0.529,0.915,20.32,0.344,ok
184,factory_hyb_psar_macd_v1,hybrid_gen1,EURUSD,H4,75,0,0.2431,-136.83,-0.109,0.971,8.42,0.36,ok
185,factory_trad_rsi_meanrev_v1,traditional_gen1,AUDUSD,H4,85,1,0.2421,-874.51,-1.375,0.828,9.99,0.376,ok
186,factory_trad_bb_meanrev_v1,traditional_gen1,AUDUSD,H4,156,1,0.2414,46.9,0.132,1.005,13.82,0.442,ok
187,factory_trad_stochastic_v1,traditional_gen1,USDCAD,H4,116,1,0.2409,-181.94,-0.147,0.972,18.5,0.466,ok
188,factory_trad_atr_trail_v1,traditional_gen1,USDCHF,H4,343,1,0.2405,142.89,0.144,1.012,16.87,0.236,ok
189,factory_trad_sma_trend_v1,traditional_gen1,NZDUSD,H4,254,1,0.2399,110.67,0.148,1.012,13.53,0.256,ok
190,factory_hyb_bb_rsi_v1,hybrid_gen1,GBPUSD,H4,96,1,0.2395,20.83,0.121,1.004,12.69,0.427,ok
191,factory_hyb_sma_adx_v1,hybrid_gen1,USDCAD,H1,74,0,0.2395,-802.52,-1.387,0.814,9.12,0.351,ok
192,factory_trad_adx_trend_v1,traditional_gen1,AUDUSD,H4,126,1,0.2389,-1732.9,-2.013,0.732,21.06,0.302,ok
193,factory_hyb_keltner_adx_v1,hybrid_gen1,AUDUSD,H1,272,1,0.2388,-2195.78,-1.039,0.855,26.39,0.338,ok
194,factory_hyb_donchian_adx_v1,hybrid_gen1,GBPUSD,H4,90,1,0.238,98.77,0.235,1.02,15.15,0.378,ok
195,factory_trad_macd_cross_v1,traditional_gen1,USDCAD,H4,119,1,0.2376,-1119.42,-1.572,0.774,11.63,0.353,ok
196,factory_hyb_ema_rsi_pullback_v1,hybrid_gen1,USDJPY,H1,4,0,0.2375,-32.95,-7.866,0.278,0.46,0.25,ok
197,factory_hyb_psar_macd_v1,hybrid_gen1,GBPUSD,H4,87,1,0.2373,-681.37,-0.882,0.871,18.31,0.322,ok
198,factory_trad_bb_meanrev_v1,traditional_gen1,USDCHF,H4,147,1,0.2373,-103.2,-0.012,0.988,16.15,0.456,ok
199,factory_hyb_ema_macd_v1,hybrid_gen1,USDCAD,H1,212,1,0.2365,-827.58,-0.464,0.922,11.69,0.307,ok
200,factory_trad_ema_crossover_v1,traditional_gen1,USDCAD,H1,212,1,0.2365,-827.58,-0.464,0.922,11.69,0.307,ok
201,factory_trad_pivot_bounce_v1,traditional_gen1,AUDUSD,H4,1095,1,0.2356,-655.06,-0.134,0.971,15.87,0.447,ok
202,factory_trad_rsi_meanrev_v1,traditional_gen1,EURUSD,H4,90,1,0.2352,-155.9,-0.14,0.971,10.76,0.4,ok
203,factory_trad_roc_momentum_v1,traditional_gen1,USDJPY,H4,22,0,0.235,-40.2,-0.939,0.866,1.98,0.318,ok
204,factory_trad_bb_meanrev_v1,traditional_gen1,GBPUSD,H4,145,1,0.2349,-60.76,0.032,0.993,14.94,0.441,ok
205,factory_hyb_sma_adx_v1,hybrid_gen1,EURUSD,H1,165,1,0.2346,-178.56,-0.039,0.981,11.08,0.37,ok
206,factory_hyb_sma_adx_v1,hybrid_gen1,AUDUSD,H4,37,0,0.2345,-642.44,-2.231,0.729,7.55,0.324,ok
207,factory_hyb_macd_rsi_v1,hybrid_gen1,NZDUSD,H4,108,1,0.2342,0.07,0.091,1.0,12.76,0.324,ok
208,factory_trad_rsi_meanrev_v1,traditional_gen1,USDCAD,H1,160,1,0.2341,-755.64,-0.576,0.924,21.84,0.406,ok
209,factory_trad_sma_crossover_v1,traditional_gen1,NZDUSD,H4,115,1,0.234,-478.41,-0.463,0.92,11.28,0.339,ok
210,factory_trad_macd_cross_v1,traditional_gen1,AUDUSD,H4,243,1,0.2334,-2159.38,-1.483,0.791,25.86,0.296,ok
211,factory_hyb_bb_rsi_v1,hybrid_gen1,EURUSD,H4,106,1,0.2333,-66.23,0.01,0.99,14.25,0.406,ok
212,factory_trad_atr_trail_v1,traditional_gen1,NZDUSD,H4,278,1,0.233,-1364.43,-0.793,0.856,23.58,0.23,ok
213,factory_trad_macd_cross_v1,traditional_gen1,USDCHF,H4,242,1,0.2322,-1812.87,-1.251,0.82,25.79,0.331,ok
214,factory_trad_ema_trend_v1,traditional_gen1,NZDUSD,H4,282,1,0.2321,-1380.23,-0.79,0.859,23.89,0.234,ok
215,factory_trad_donchian_breakout_v1,traditional_gen1,AUDUSD,H4,130,1,0.2313,-1784.47,-1.842,0.763,24.62,0.292,ok
216,factory_trad_pivot_bounce_v1,traditional_gen1,GBPUSD,H1,4219,1,0.2312,-7532.36,-0.882,0.858,76.6,0.377,ok
217,factory_trad_sr_bounce_v1,traditional_gen1,AUDUSD,H1,542,1,0.2311,908.18,0.312,1.028,24.02,0.443,ok
218,factory_hyb_keltner_adx_v1,hybrid_gen1,NZDUSD,H4,76,0,0.2308,-357.84,-0.496,0.918,12.19,0.368,ok
219,factory_hyb_bb_rsi_v1,hybrid_gen1,USDCHF,H1,394,1,0.2303,473.03,0.253,1.02,19.28,0.434,ok
220,factory_hyb_psar_macd_v1,hybrid_gen1,USDCAD,H4,35,0,0.2298,-961.25,-3.676,0.591,10.46,0.257,ok
221,factory_trad_price_vs_ma_v1,traditional_gen1,EURUSD,H4,480,1,0.2298,-1922.74,-0.773,0.86,25.34,0.246,ok
222,factory_hyb_stoch_trend_v1,hybrid_gen1,NZDUSD,H1,267,1,0.2293,242.27,0.214,1.017,16.84,0.427,ok
223,factory_trad_cci_meanrev_v1,traditional_gen1,USDCAD,H1,528,1,0.2291,792.3,0.304,1.028,20.92,0.502,ok
224,factory_trad_sma_trend_v1,traditional_gen1,EURUSD,H4,296,1,0.229,-1878.12,-1.02,0.833,25.27,0.226,ok
225,factory_trad_rsi_meanrev_v1,traditional_gen1,GBPUSD,H4,84,1,0.2289,-293.45,-0.388,0.941,12.87,0.405,ok
226,factory_trad_price_vs_ma_v1,traditional_gen1,GBPUSD,H1,1804,1,0.2287,-7202.33,-1.276,0.798,72.34,0.234,ok
227,factory_hyb_sma_adx_v1,hybrid_gen1,USDJPY,H4,44,0,0.228,-72.87,-1.168,0.836,2.33,0.318,ok
228,factory_trad_psar_v1,traditional_gen1,GBPUSD,H4,280,1,0.228,-2091.2,-1.293,0.816,23.05,0.364,ok
229,factory_trad_sma_trend_v1,traditional_gen1,AUDUSD,H1,1168,1,0.2279,-5422.53,-1.049,0.831,55.77,0.216,ok
230,factory_trad_vwap_bias_v1,traditional_gen1,EURUSD,H4,426,1,0.2279,-2528.55,-1.208,0.8,27.81,0.254,ok
231,factory_trad_atr_trail_v1,traditional_gen1,AUDUSD,H1,1260,1,0.2277,-5589.2,-1.054,0.828,56.67,0.21,ok
232,factory_trad_ema_trend_v1,traditional_gen1,AUDUSD,H1,1268,1,0.2275,-5508.49,-1.023,0.833,55.88,0.211,ok
233,factory_trad_vwap_bias_v1,traditional_gen1,EURUSD,H1,1586,1,0.2273,-6614.95,-1.155,0.837,67.16,0.266,ok
234,factory_trad_macd_zero_v1,traditional_gen1,EURUSD,H4,209,1,0.2272,-587.06,-0.292,0.942,19.53,0.325,ok
235,factory_trad_pivot_bounce_v1,traditional_gen1,AUDUSD,H1,4240,1,0.2272,-8314.28,-1.211,0.812,83.72,0.38,ok
236,factory_trad_sr_breakout_v1,traditional_gen1,AUDUSD,H1,282,1,0.2272,-2160.12,-0.966,0.861,26.34,0.337,ok
237,factory_trad_donchian_breakout_v1,traditional_gen1,NZDUSD,H4,118,1,0.227,-292.99,-0.221,0.953,15.31,0.364,ok
238,factory_trad_sma_crossover_v1,traditional_gen1,USDCAD,H4,56,0,0.2269,-806.51,-1.865,0.752,8.32,0.286,ok
239,factory_trad_atr_breakout_v1,traditional_gen1,AUDUSD,H1,789,1,0.2268,-6370.45,-1.912,0.772,65.44,0.33,ok
240,factory_trad_rsi_trend_v1,traditional_gen1,AUDUSD,H1,778,1,0.2268,-5947.27,-1.512,0.794,61.9,0.288,ok
241,factory_trad_pivot_bounce_v1,traditional_gen1,USDCAD,H1,2250,1,0.2264,-5952.01,-1.123,0.802,64.06,0.36,ok
242,factory_hyb_sma_adx_v1,hybrid_gen1,EURUSD,H4,50,0,0.2263,-1018.08,-2.557,0.681,16.06,0.28,ok
243,factory_hyb_ema_macd_v1,hybrid_gen1,GBPUSD,H4,105,1,0.2257,-866.42,-1.115,0.831,14.45,0.295,ok
244,factory_trad_ema_crossover_v1,traditional_gen1,GBPUSD,H4,105,1,0.2257,-866.42,-1.115,0.831,14.45,0.295,ok
245,factory_trad_rsi_trend_v1,traditional_gen1,GBPUSD,H1,772,1,0.2256,-5568.53,-1.343,0.813,56.17,0.289,ok
246,factory_trad_ema_trend_v1,traditional_gen1,EURUSD,H1,1311,1,0.2254,-6094.82,-1.145,0.812,62.83,0.214,ok
247,factory_trad_atr_trail_v1,traditional_gen1,EURUSD,H1,1302,1,0.2252,-6112.96,-1.156,0.81,62.96,0.211,ok
248,factory_hyb_bb_rsi_v1,hybrid_gen1,NZDUSD,H1,373,1,0.225,-3227.53,-1.373,0.834,39.89,0.386,ok
249,factory_trad_pivot_bounce_v1,traditional_gen1,USDCAD,H4,548,1,0.2249,5.37,0.047,1.001,16.94,0.405,ok
250,factory_trad_price_vs_ma_v1,traditional_gen1,EURUSD,H1,1765,1,0.2249,-6738.36,-1.153,0.8,68.01,0.245,ok
251,factory_trad_price_vs_ma_v1,traditional_gen1,USDCHF,H1,1794,1,0.2247,-6768.06,-1.17,0.805,68.81,0.24,ok
252,factory_trad_vwap_bias_v1,traditional_gen1,GBPUSD,H1,1629,1,0.2246,-6068.33,-0.941,0.849,61.82,0.262,ok
253,factory_trad_adx_trend_v1,traditional_gen1,AUDUSD,H1,453,1,0.2244,-3427.66,-1.173,0.833,38.28,0.311,ok
254,factory_trad_price_vs_ma_v1,traditional_gen1,AUDUSD,H1,1761,1,0.2244,-6503.13,-1.134,0.811,65.47,0.241,ok
255,factory_trad_adx_trend_v1,traditional_gen1,GBPUSD,H4,140,1,0.2243,-1552.37,-1.582,0.771,22.21,0.271,ok
256,factory_trad_bb_breakout_v1,traditional_gen1,GBPUSD,H1,510,1,0.2242,-4224.4,-1.32,0.821,43.65,0.32,ok
257,factory_trad_price_vs_ma_v1,traditional_gen1,NZDUSD,H1,1828,1,0.224,-7792.06,-1.622,0.747,78.79,0.23,ok
258,factory_trad_sma_trend_v1,traditional_gen1,EURUSD,H1,1161,1,0.224,-5284.93,-0.969,0.845,55.12,0.228,ok
259,factory_trad_stochastic_v1,traditional_gen1,GBPUSD,H4,233,1,0.2239,457.08,0.365,1.034,21.7,0.485,ok
260,factory_hyb_stoch_trend_v1,hybrid_gen1,EURUSD,H1,287,1,0.2238,-2896.16,-1.549,0.805,38.33,0.366,ok
261,factory_trad_atr_breakout_v1,traditional_gen1,NZDUSD,H1,750,1,0.2236,-5960.4,-1.801,0.759,61.24,0.339,ok
262,factory_trad_donchian_breakout_v1,traditional_gen1,AUDUSD,H1,483,1,0.2236,-4379.67,-1.43,0.813,46.06,0.308,ok
263,factory_trad_pivot_bounce_v1,traditional_gen1,USDCHF,H1,4345,1,0.2235,-9167.21,-1.674,0.759,92.32,0.359,ok
264,factory_trad_donchian_breakout_v1,traditional_gen1,GBPUSD,H1,489,1,0.2234,-4934.97,-1.733,0.765,50.94,0.315,ok
265,factory_trad_sma_crossover_v1,traditional_gen1,GBPUSD,H4,119,1,0.2229,-1953.24,-2.555,0.672,19.53,0.303,ok
266,factory_trad_psar_v1,traditional_gen1,USDCHF,H1,1022,1,0.2226,-6132.04,-1.439,0.796,65.8,0.352,ok
267,factory_trad_psar_v1,traditional_gen1,USDCAD,H4,132,1,0.2225,-1209.44,-1.63,0.774,12.8,0.409,ok
268,factory_trad_vwap_bias_v1,traditional_gen1,NZDUSD,H1,1657,1,0.2224,-7401.13,-1.538,0.758,74.99,0.233,ok
269,factory_trad_pivot_bounce_v1,traditional_gen1,EURUSD,H1,4246,1,0.2223,-8149.67,-1.078,0.822,82.11,0.373,ok
270,factory_trad_sma_trend_v1,traditional_gen1,GBPUSD,H1,1114,1,0.2223,-6026.43,-1.264,0.807,60.94,0.221,ok
271,factory_trad_sma_trend_v1,traditional_gen1,AUDUSD,H4,280,1,0.2223,-576.68,-0.271,0.943,21.69,0.232,ok
272,factory_hyb_keltner_adx_v1,hybrid_gen1,GBPUSD,H1,278,1,0.2217,-4079.1,-2.339,0.713,41.41,0.299,ok
273,factory_trad_psar_v1,traditional_gen1,NZDUSD,H1,1034,1,0.2216,-3988.28,-0.733,0.885,44.81,0.381,ok
274,factory_hyb_bb_rsi_v1,hybrid_gen1,EURUSD,H1,425,1,0.2215,-44.46,0.079,0.998,17.9,0.426,ok
275,factory_trad_psar_v1,traditional_gen1,AUDUSD,H1,1058,1,0.2212,-4536.55,-0.877,0.868,46.04,0.363,ok
276,factory_trad_macd_zero_v1,traditional_gen1,NZDUSD,H4,211,1,0.2211,-1715.43,-1.157,0.818,26.43,0.28,ok
277,factory_trad_macd_cross_v1,traditional_gen1,NZDUSD,H4,231,1,0.221,-126.92,-0.0,0.988,13.8,0.346,ok
278,factory_trad_sma_trend_v1,traditional_gen1,USDCHF,H1,1155,1,0.2208,-6529.88,-1.439,0.785,67.43,0.21,ok
279,factory_trad_keltner_breakout_v1,traditional_gen1,NZDUSD,H4,88,1,0.2206,-580.76,-0.771,0.879,15.77,0.352,ok
280,factory_trad_vwap_bias_v1,traditional_gen1,USDCHF,H1,1652,1,0.2206,-6360.66,-1.084,0.813,66.99,0.249,ok
281,factory_trad_sma_crossover_v1,traditional_gen1,USDCAD,H1,247,1,0.2204,-3430.35,-2.407,0.71,34.3,0.291,ok
282,factory_hyb_psar_macd_v1,hybrid_gen1,EURUSD,H1,324,1,0.2203,-2994.79,-1.243,0.836,32.36,0.309,ok
283,factory_trad_roc_momentum_v1,traditional_gen1,AUDUSD,H4,14,0,0.2203,-8.62,0.019,0.989,3.03,0.429,ok
284,factory_trad_vwap_bias_v1,traditional_gen1,USDCAD,H1,864,1,0.2203,-3213.87,-0.783,0.855,39.0,0.248,ok
285,factory_hyb_donchian_adx_v1,hybrid_gen1,GBPUSD,H1,326,1,0.2202,-2952.7,-1.283,0.819,32.96,0.316,ok
286,factory_trad_ema_trend_v1,traditional_gen1,GBPUSD,H1,1262,1,0.2201,-6150.38,-1.206,0.808,62.01,0.214,ok
287,factory_trad_stochastic_v1,traditional_gen1,AUDUSD,H4,226,1,0.2201,88.19,0.142,1.007,17.02,0.478,ok
288,factory_hyb_donchian_adx_v1,hybrid_gen1,EURUSD,H4,93,1,0.2199,-1621.27,-2.217,0.71,24.42,0.28,ok
289,factory_trad_atr_trail_v1,traditional_gen1,GBPUSD,H1,1252,1,0.2198,-6117.78,-1.204,0.807,61.69,0.212,ok
290,factory_trad_macd_zero_v1,traditional_gen1,EURUSD,H1,855,1,0.2195,-4474.14,-0.873,0.869,48.61,0.316,ok
291,factory_hyb_ema_macd_v1,hybrid_gen1,USDCHF,H4,121,1,0.2194,-1411.22,-1.639,0.771,19.31,0.264,ok
292,factory_trad_ema_crossover_v1,traditional_gen1,USDCHF,H4,121,1,0.2194,-1411.22,-1.639,0.771,19.31,0.264,ok
293,factory_trad_atr_breakout_v1,traditional_gen1,AUDUSD,H4,227,1,0.2193,-2866.98,-2.303,0.704,33.01,0.339,ok
294,factory_trad_rsi_meanrev_v1,traditional_gen1,NZDUSD,H1,298,1,0.2193,-2639.73,-1.346,0.842,36.31,0.386,ok
295,factory_trad_macd_zero_v1,traditional_gen1,GBPUSD,H1,830,1,0.2192,-5201.19,-1.169,0.834,52.99,0.302,ok
296,factory_trad_pivot_bounce_v1,traditional_gen1,NZDUSD,H1,4403,1,0.219,-9165.12,-1.746,0.742,91.86,0.37,ok
297,factory_trad_macd_zero_v1,traditional_gen1,AUDUSD,H1,816,1,0.2188,-4059.99,-0.814,0.874,43.81,0.306,ok
298,factory_trad_psar_v1,traditional_gen1,GBPUSD,H1,1033,1,0.2186,-4050.78,-0.687,0.894,47.81,0.352,ok
299,factory_trad_ema_trend_v1,traditional_gen1,NZDUSD,H1,1301,1,0.2181,-6277.3,-1.267,0.778,66.77,0.211,ok
300,factory_trad_stochastic_v1,traditional_gen1,AUDUSD,H1,842,1,0.2179,-1766.06,-0.266,0.954,32.86,0.481,ok
301,factory_trad_price_vs_ma_v1,traditional_gen1,USDCAD,H1,943,1,0.2178,-4788.32,-1.343,0.766,48.52,0.228,ok
302,factory_trad_atr_breakout_v1,traditional_gen1,USDCHF,H1,791,1,0.2176,-4236.71,-0.947,0.863,56.34,0.34,ok
303,factory_hyb_stoch_trend_v1,hybrid_gen1,AUDUSD,H1,275,1,0.2175,-2709.96,-1.511,0.806,39.05,0.36,ok
304,factory_trad_sma_crossover_v1,traditional_gen1,AUDUSD,H4,113,1,0.2174,-377.0,-0.336,0.937,14.02,0.336,ok
305,factory_trad_rsi_trend_v1,traditional_gen1,USDCHF,H4,214,1,0.2173,-1131.99,-0.643,0.895,18.21,0.318,ok
306,factory_trad_adx_trend_v1,traditional_gen1,GBPUSD,H1,474,1,0.2172,-3273.83,-1.068,0.845,35.81,0.325,ok
307,factory_trad_macd_cross_v1,traditional_gen1,USDCAD,H1,486,1,0.2172,-3084.41,-1.118,0.832,41.44,0.317,ok
308,factory_trad_stochastic_v1,traditional_gen1,USDCHF,H4,236,1,0.2171,-650.47,-0.332,0.951,25.13,0.453,ok
309,factory_trad_vwap_bias_v1,traditional_gen1,AUDUSD,H1,1636,1,0.2171,-5959.73,-0.98,0.837,60.1,0.253,ok
310,factory_trad_sr_bounce_v1,traditional_gen1,USDCAD,H1,331,1,0.217,-495.29,-0.136,0.972,26.62,0.453,ok
311,factory_hyb_donchian_adx_v1,hybrid_gen1,EURUSD,H1,341,1,0.2169,-3370.87,-1.429,0.81,34.42,0.314,ok
312,factory_hyb_macd_ema_trend_v1,hybrid_gen1,USDCHF,H1,360,1,0.2166,-2641.65,-1.025,0.854,33.04,0.306,ok
313,factory_trad_atr_trail_v1,traditional_gen1,NZDUSD,H1,1287,1,0.2166,-6247.86,-1.265,0.776,66.88,0.21,ok
314,factory_trad_rsi_trend_v1,traditional_gen1,AUDUSD,H4,179,1,0.2166,-688.71,-0.437,0.923,22.77,0.335,ok
315,factory_trad_sma_trend_v1,traditional_gen1,NZDUSD,H1,1163,1,0.2163,-5430.59,-1.068,0.82,55.34,0.22,ok
316,factory_trad_sr_breakout_v1,traditional_gen1,EURUSD,H1,289,1,0.2163,-3882.48,-2.056,0.723,46.06,0.322,ok
317,factory_trad_psar_v1,traditional_gen1,USDCAD,H1,538,1,0.2161,-2027.54,-0.599,0.897,30.17,0.368,ok
318,factory_trad_rsi_trend_v1,traditional_gen1,USDCHF,H1,763,1,0.216,-4692.04,-1.04,0.845,50.97,0.3,ok
319,factory_trad_adx_trend_v1,traditional_gen1,NZDUSD,H1,475,1,0.2158,-3688.23,-1.275,0.811,43.52,0.309,ok
320,factory_trad_atr_trail_v1,traditional_gen1,USDCHF,H1,1233,1,0.2157,-5984.4,-1.177,0.798,62.1,0.213,ok
321,factory_trad_rsi_trend_v1,traditional_gen1,USDCAD,H4,96,1,0.2157,-604.2,-0.77,0.878,13.94,0.271,ok
322,factory_trad_atr_breakout_v1,traditional_gen1,GBPUSD,H1,833,1,0.2155,-4569.53,-1.009,0.862,49.15,0.336,ok
323,factory_hyb_macd_rsi_v1,hybrid_gen1,AUDUSD,H1,458,1,0.2154,-3111.65,-1.056,0.832,39.34,0.306,ok
324,factory_trad_atr_trail_v1,traditional_gen1,EURUSD,H4,296,1,0.2151,-1892.22,-1.031,0.829,28.4,0.226,ok
325,factory_trad_ema_trend_v1,traditional_gen1,USDCHF,H1,1250,1,0.2149,-5816.08,-1.102,0.809,59.84,0.216,ok
326,factory_trad_rsi_trend_v1,traditional_gen1,EURUSD,H1,764,1,0.2148,-4168.6,-0.842,0.883,45.39,0.304,ok
327,factory_trad_ema_trend_v1,traditional_gen1,EURUSD,H4,296,1,0.2144,-1920.54,-1.057,0.825,28.65,0.226,ok
328,factory_trad_roc_momentum_v1,traditional_gen1,AUDUSD,H1,5,0,0.2144,-379.32,-23.682,0.039,3.94,0.2,ok
329,factory_trad_keltner_breakout_v1,traditional_gen1,GBPUSD,H1,329,1,0.2142,-4117.54,-1.97,0.747,41.18,0.31,ok
330,factory_hyb_donchian_adx_v1,hybrid_gen1,USDCAD,H1,159,1,0.2136,-426.05,-0.229,0.952,19.48,0.352,ok
331,factory_trad_donchian_breakout_v1,traditional_gen1,NZDUSD,H1,470,1,0.2135,-4588.37,-1.598,0.781,47.46,0.315,ok
332,factory_trad_stochastic_v1,traditional_gen1,EURUSD,H1,815,1,0.2135,-1858.4,-0.294,0.95,36.52,0.47,ok
333,factory_trad_roc_momentum_v1,traditional_gen1,GBPUSD,H4,4,0,0.2134,-394.04,0.0,0.0,3.94,0.0,ok
334,factory_hyb_ema_rsi_pullback_v1,hybrid_gen1,EURUSD,H1,2,0,0.2133,-199.0,0.0,0.0,1.99,0.0,ok
335,factory_trad_donchian_breakout_v1,traditional_gen1,EURUSD,H1,501,1,0.2126,-3311.31,-0.899,0.862,36.98,0.323,ok
336,factory_trad_macd_cross_v1,traditional_gen1,USDCHF,H1,912,1,0.212,-2975.46,-0.527,0.917,49.18,0.337,ok
337,factory_hyb_macd_ema_trend_v1,hybrid_gen1,AUDUSD,H1,368,1,0.2117,-2978.08,-1.168,0.828,34.37,0.296,ok
338,factory_trad_atr_breakout_v1,traditional_gen1,NZDUSD,H4,186,1,0.2117,-725.21,-0.51,0.911,15.52,0.349,ok
339,factory_trad_macd_zero_v1,traditional_gen1,USDCHF,H4,233,1,0.2117,-537.0,-0.243,0.951,17.0,0.322,ok
340,factory_trad_sr_bounce_v1,traditional_gen1,NZDUSD,H4,147,1,0.2116,-467.59,-0.364,0.947,15.84,0.415,ok
341,factory_hyb_ema_rsi_pullback_v1,hybrid_gen1,NZDUSD,H1,4,0,0.2115,-116.64,-3.168,0.612,1.99,0.25,ok
342,factory_hyb_macd_rsi_v1,hybrid_gen1,USDCHF,H1,432,1,0.2113,-2076.12,-0.652,0.9,31.52,0.301,ok
343,factory_hyb_bb_rsi_v1,hybrid_gen1,USDCAD,H1,218,1,0.2109,-1069.57,-0.624,0.918,31.36,0.413,ok
344,factory_trad_bb_breakout_v1,traditional_gen1,USDCHF,H1,491,1,0.2109,-3381.08,-0.984,0.846,52.06,0.332,ok
345,factory_trad_bb_breakout_v1,traditional_gen1,EURUSD,H4,127,1,0.2104,-2087.51,-2.237,0.711,28.58,0.276,ok
346,factory_trad_bb_breakout_v1,traditional_gen1,NZDUSD,H1,461,1,0.2103,-4228.39,-1.47,0.792,43.77,0.334,ok
347,factory_trad_sr_bounce_v1,traditional_gen1,EURUSD,H1,561,1,0.2096,-1000.1,-0.175,0.969,24.38,0.433,ok
348,factory_trad_rsi_trend_v1,traditional_gen1,NZDUSD,H4,182,1,0.2092,-342.93,-0.163,0.96,15.85,0.319,ok
349,factory_trad_bb_meanrev_v1,traditional_gen1,USDCAD,H1,344,1,0.209,-1484.04,-0.59,0.921,30.69,0.442,ok
350,factory_trad_ema_trend_v1,traditional_gen1,AUDUSD,H4,291,1,0.2089,-1308.44,-0.726,0.87,32.79,0.234,ok
351,factory_trad_macd_zero_v1,traditional_gen1,USDCAD,H1,424,1,0.2089,-2834.75,-1.048,0.835,29.37,0.304,ok
352,factory_trad_stochastic_v1,traditional_gen1,USDCAD,H1,444,1,0.2089,-1856.71,-0.617,0.916,32.53,0.466,ok
353,factory_trad_atr_trail_v1,traditional_gen1,AUDUSD,H4,285,1,0.2088,-1333.92,-0.753,0.866,33.44,0.225,ok
354,factory_trad_macd_cross_v1,traditional_gen1,AUDUSD,H1,916,1,0.2088,-2818.46,-0.502,0.919,39.98,0.345,ok
355,factory_trad_sma_crossover_v1,traditional_gen1,USDCHF,H1,460,1,0.2088,-1701.96,-0.463,0.919,32.63,0.346,ok
356,factory_trad_price_vs_ma_v1,traditional_gen1,AUDUSD,H4,437,1,0.2084,-1894.63,-0.874,0.843,30.82,0.243,ok
357,factory_trad_bb_breakout_v1,traditional_gen1,EURUSD,H1,512,1,0.2083,-2290.19,-0.545,0.91,30.16,0.336,ok
358,factory_trad_macd_zero_v1,traditional_gen1,AUDUSD,H4,209,1,0.2083,-1185.18,-0.754,0.874,27.43,0.306,ok
359,factory_hyb_ema_rsi_pullback_v1,hybrid_gen1,AUDUSD,H1,4,0,0.208,-114.08,-3.066,0.621,1.99,0.25,ok
360,factory_trad_donchian_breakout_v1,traditional_gen1,EURUSD,H4,129,1,0.208,-1665.93,-1.623,0.777,25.63,0.302,ok
361,factory_trad_macd_zero_v1,traditional_gen1,USDCHF,H1,802,1,0.208,-2947.03,-0.521,0.911,44.2,0.324,ok
362,factory_trad_adx_trend_v1,traditional_gen1,USDCHF,H1,490,1,0.2079,-2950.56,-0.892,0.874,36.8,0.322,ok
363,factory_trad_bb_breakout_v1,traditional_gen1,USDCHF,H4,119,1,0.2078,-512.9,-0.446,0.922,15.83,0.319,ok
364,factory_hyb_psar_macd_v1,hybrid_gen1,USDCHF,H1,325,1,0.2072,-2649.42,-1.073,0.845,33.39,0.32,ok
365,factory_hyb_sma_adx_v1,hybrid_gen1,USDCAD,H4,21,0,0.2072,-209.81,-1.081,0.849,3.05,0.333,ok
366,factory_hyb_sma_adx_v1,hybrid_gen1,GBPUSD,H4,44,0,0.2071,-240.71,-0.595,0.906,6.93,0.364,ok
367,factory_trad_sma_crossover_v1,traditional_gen1,NZDUSD,H1,454,1,0.207,-2389.7,-0.744,0.884,28.12,0.333,ok
368,factory_trad_rsi_trend_v1,traditional_gen1,NZDUSD,H1,753,1,0.2069,-4707.5,-1.075,0.833,48.67,0.291,ok
369,factory_trad_macd_cross_v1,traditional_gen1,NZDUSD,H1,883,1,0.2061,-2402.92,-0.425,0.926,39.42,0.349,ok
370,factory_trad_bb_breakout_v1,traditional_gen1,GBPUSD,H4,126,1,0.2058,-2722.69,-3.299,0.601,39.38,0.262,ok
371,factory_trad_macd_zero_v1,traditional_gen1,NZDUSD,H1,813,1,0.2056,-3884.97,-0.773,0.869,45.5,0.305,ok
372,factory_trad_sr_breakout_v1,traditional_gen1,GBPUSD,H4,78,0,0.2053,-883.29,-1.366,0.811,18.69,0.346,ok
373,factory_trad_roc_momentum_v1,traditional_gen1,USDJPY,H1,11,0,0.2044,-67.72,-4.364,0.535,0.73,0.364,ok
374,factory_trad_vwap_bias_v1,traditional_gen1,GBPUSD,H4,424,1,0.2043,-2471.47,-1.195,0.803,28.43,0.238,ok
375,factory_trad_bb_meanrev_v1,traditional_gen1,NZDUSD,H1,558,1,0.2042,-462.35,-0.033,0.985,26.36,0.448,ok
376,factory_hyb_ema_rsi_pullback_v1,hybrid_gen1,USDCHF,H4,1,0,0.2041,-100.0,0.0,0.0,1.0,0.0,ok
377,factory_hyb_ema_macd_v1,hybrid_gen1,AUDUSD,H1,412,1,0.2037,-900.26,-0.21,0.957,19.25,0.318,ok
378,factory_hyb_ema_rsi_pullback_v1,hybrid_gen1,USDCAD,H1,1,0,0.2037,-100.0,0.0,0.0,1.0,0.0,ok
379,factory_trad_ema_crossover_v1,traditional_gen1,AUDUSD,H1,412,1,0.2037,-900.26,-0.21,0.957,19.25,0.318,ok
380,factory_hyb_keltner_adx_v1,hybrid_gen1,EURUSD,H1,288,1,0.2034,-1770.93,-0.733,0.887,28.51,0.351,ok
381,factory_hyb_donchian_adx_v1,hybrid_gen1,NZDUSD,H1,320,1,0.203,-1784.61,-0.671,0.895,22.94,0.347,ok
382,factory_trad_macd_cross_v1,traditional_gen1,EURUSD,H4,239,1,0.2027,-465.92,-0.234,0.95,17.07,0.36,ok
383,factory_trad_price_vs_ma_v1,traditional_gen1,GBPUSD,H4,486,1,0.2027,-2260.02,-0.981,0.828,26.61,0.228,ok
384,factory_trad_sr_bounce_v1,traditional_gen1,NZDUSD,H1,539,1,0.2026,-1241.94,-0.253,0.959,34.61,0.427,ok
385,factory_trad_bb_breakout_v1,traditional_gen1,AUDUSD,H1,450,1,0.2025,-3161.65,-0.987,0.857,32.65,0.34,ok
386,factory_trad_bb_meanrev_v1,traditional_gen1,EURUSD,H1,633,1,0.202,271.26,0.148,1.008,23.08,0.466,ok
387,factory_hyb_psar_macd_v1,hybrid_gen1,GBPUSD,H1,315,1,0.2019,-1305.0,-0.437,0.927,25.64,0.343,ok
388,factory_trad_macd_cross_v1,traditional_gen1,GBPUSD,H4,234,1,0.2018,-1116.57,-0.721,0.885,18.13,0.338,ok
389,factory_hyb_ema_rsi_pullback_v1,hybrid_gen1,USDCHF,H1,3,0,0.2016,-13.49,-0.34,0.933,1.0,0.333,ok
390,factory_trad_sr_bounce_v1,traditional_gen1,AUDUSD,H4,141,1,0.2013,-807.85,-0.715,0.905,18.86,0.39,ok
391,factory_trad_rsi_meanrev_v1,traditional_gen1,USDCAD,H4,42,0,0.2012,66.03,0.3,1.026,14.58,0.429,ok
392,factory_trad_rsi_trend_v1,traditional_gen1,EURUSD,H4,203,1,0.2011,-2289.53,-1.627,0.767,32.28,0.286,ok
393,factory_trad_keltner_breakout_v1,traditional_gen1,EURUSD,H4,95,1,0.2009,-722.83,-0.851,0.868,20.3,0.316,ok
394,factory_trad_bb_breakout_v1,traditional_gen1,USDCAD,H4,55,0,0.2007,-501.13,-1.064,0.841,12.45,0.309,ok
395,factory_hyb_macd_rsi_v1,hybrid_gen1,NZDUSD,H1,446,1,0.2003,-2080.56,-0.647,0.888,33.35,0.321,ok
396,factory_trad_atr_breakout_v1,traditional_gen1,USDCAD,H1,418,1,0.1995,-3660.34,-1.634,0.802,45.32,0.323,ok
397,factory_trad_sma_trend_v1,traditional_gen1,USDCHF,H4,334,1,0.1995,-1490.79,-0.698,0.872,21.48,0.225,ok
398,factory_trad_stochastic_v1,traditional_gen1,GBPUSD,H1,810,1,0.1992,-1443.62,-0.206,0.963,39.28,0.479,ok
399,factory_hyb_sma_adx_v1,hybrid_gen1,NZDUSD,H4,43,0,0.199,-669.06,-1.997,0.742,11.44,0.302,ok
400,factory_trad_psar_v1,traditional_gen1,EURUSD,H1,1002,1,0.1989,-4024.07,-0.705,0.903,46.97,0.379,ok
401,factory_trad_psar_v1,traditional_gen1,AUDUSD,H4,275,1,0.1986,-555.81,-0.261,0.949,17.87,0.393,ok
402,factory_trad_cci_meanrev_v1,traditional_gen1,AUDUSD,H1,907,1,0.1985,-1407.98,-0.17,0.969,36.89,0.48,ok
403,factory_trad_cci_meanrev_v1,traditional_gen1,EURUSD,H1,951,1,0.1983,-2354.81,-0.352,0.94,42.41,0.487,ok
404,factory_trad_pivot_bounce_v1,traditional_gen1,NZDUSD,H4,1133,1,0.1981,-2284.94,-0.644,0.896,27.28,0.452,ok
405,factory_trad_pivot_bounce_v1,traditional_gen1,EURUSD,H4,1225,1,0.1978,-1388.02,-0.306,0.942,22.97,0.42,ok
406,factory_trad_sr_bounce_v1,traditional_gen1,USDCAD,H4,80,1,0.1973,-442.94,-0.687,0.912,20.1,0.4,ok
407,factory_trad_sma_trend_v1,traditional_gen1,GBPUSD,H4,288,1,0.1972,-624.84,-0.27,0.94,22.46,0.247,ok
408,factory_trad_vwap_bias_v1,traditional_gen1,USDCHF,H4,419,1,0.197,-766.68,-0.264,0.941,24.15,0.253,ok
409,factory_hyb_ema_rsi_pullback_v1,hybrid_gen1,NZDUSD,H4,1,0,0.1969,-100.0,0.0,0.0,1.0,0.0,ok
410,factory_trad_sr_breakout_v1,traditional_gen1,GBPUSD,H1,278,1,0.1969,-3250.0,-1.7,0.762,36.04,0.338,ok
411,factory_trad_atr_breakout_v1,traditional_gen1,GBPUSD,H4,208,1,0.1966,-706.87,-0.449,0.922,19.06,0.356,ok
412,factory_trad_sr_breakout_v1,traditional_gen1,NZDUSD,H1,283,1,0.1966,-2631.91,-1.293,0.811,36.21,0.357,ok
413,factory_hyb_ema_macd_v1,hybrid_gen1,USDCHF,H1,376,1,0.1961,-686.71,-0.16,0.963,37.46,0.324,ok
414,factory_trad_ema_crossover_v1,traditional_gen1,USDCHF,H1,376,1,0.1961,-686.71,-0.16,0.963,37.46,0.324,ok
415,factory_hyb_macd_ema_trend_v1,hybrid_gen1,NZDUSD,H1,362,1,0.196,-1770.9,-0.625,0.894,34.09,0.32,ok
416,factory_trad_atr_trail_v1,traditional_gen1,GBPUSD,H4,333,1,0.1957,-1489.84,-0.72,0.868,27.23,0.234,ok
417,factory_trad_price_vs_ma_v1,traditional_gen1,USDCHF,H4,462,1,0.1951,-2038.83,-0.857,0.838,31.51,0.236,ok
418,factory_trad_pivot_bounce_v1,traditional_gen1,USDCHF,H4,1141,1,0.1948,-706.89,-0.147,0.965,30.98,0.431,ok
419,factory_trad_rsi_trend_v1,traditional_gen1,USDCAD,H1,385,1,0.1945,-3038.56,-1.217,0.81,35.67,0.301,ok
420,factory_hyb_donchian_adx_v1,hybrid_gen1,USDCAD,H4,45,0,0.194,-334.99,-0.811,0.879,9.52,0.356,ok
421,factory_trad_macd_zero_v1,traditional_gen1,USDCAD,H4,109,1,0.194,-680.95,-0.801,0.867,18.15,0.312,ok
422,factory_hyb_ema_macd_v1,hybrid_gen1,USDCAD,H4,53,0,0.1932,-725.24,-1.837,0.749,11.07,0.264,ok
423,factory_trad_ema_crossover_v1,traditional_gen1,USDCAD,H4,53,0,0.1932,-725.24,-1.837,0.749,11.07,0.264,ok
424,factory_trad_price_vs_ma_v1,traditional_gen1,NZDUSD,H4,453,1,0.1928,-517.99,-0.162,0.957,20.59,0.263,ok
425,factory_trad_rsi_meanrev_v1,traditional_gen1,USDCHF,H1,309,1,0.1923,-877.18,-0.319,0.95,29.09,0.408,ok
426,factory_trad_ema_trend_v1,traditional_gen1,GBPUSD,H4,337,1,0.1912,-1531.73,-0.733,0.866,28.29,0.234,ok
427,factory_hyb_donchian_adx_v1,hybrid_gen1,AUDUSD,H1,339,1,0.1909,-3372.6,-1.459,0.796,34.42,0.319,ok
428,factory_trad_keltner_breakout_v1,traditional_gen1,GBPUSD,H4,91,1,0.1902,-357.01,-0.374,0.932,20.29,0.363,ok
429,factory_hyb_ema_rsi_pullback_v1,hybrid_gen1,EURUSD,H4,1,0,0.1897,-100.0,0.0,0.0,1.0,0.0,ok
430,factory_hyb_keltner_adx_v1,hybrid_gen1,EURUSD,H4,82,1,0.1892,-735.79,-1.027,0.844,20.59,0.317,ok
431,factory_trad_macd_cross_v1,traditional_gen1,GBPUSD,H1,896,1,0.1885,-634.2,-0.024,0.984,31.78,0.345,ok
432,factory_hyb_macd_rsi_v1,hybrid_gen1,USDCAD,H1,228,1,0.1884,-4192.77,-3.436,0.564,44.91,0.237,ok
433,factory_trad_vwap_bias_v1,traditional_gen1,NZDUSD,H4,429,1,0.1881,-1165.09,-0.486,0.902,19.87,0.254,ok
434,factory_trad_donchian_breakout_v1,traditional_gen1,USDCAD,H4,56,0,0.1876,-357.38,-0.687,0.892,14.08,0.339,ok
435,factory_trad_price_vs_ma_v1,traditional_gen1,USDCAD,H4,208,1,0.1876,-1294.23,-1.238,0.782,19.15,0.264,ok
436,factory_trad_roc_momentum_v1,traditional_gen1,NZDUSD,H4,12,0,0.1864,-103.46,-1.041,0.851,3.63,0.417,ok
437,factory_trad_adx_trend_v1,traditional_gen1,EURUSD,H4,144,1,0.1848,-577.46,-0.445,0.916,21.72,0.368,ok
438,factory_hyb_keltner_adx_v1,hybrid_gen1,NZDUSD,H1,256,1,0.1838,-645.81,-0.226,0.953,20.86,0.375,ok
439,factory_trad_keltner_breakout_v1,traditional_gen1,EURUSD,H1,334,1,0.1834,-1403.98,-0.452,0.922,31.7,0.356,ok
440,factory_trad_ema_trend_v1,traditional_gen1,USDCAD,H1,641,1,0.1825,-3040.45,-0.911,0.826,41.11,0.226,ok
441,factory_trad_macd_zero_v1,traditional_gen1,GBPUSD,H4,219,1,0.1822,-1312.51,-0.815,0.863,24.85,0.306,ok
442,factory_trad_atr_trail_v1,traditional_gen1,USDCAD,H4,150,1,0.1821,-753.07,-0.775,0.855,20.47,0.207,ok
443,factory_hyb_stoch_trend_v1,hybrid_gen1,GBPUSD,H1,279,1,0.182,-915.64,-0.367,0.94,27.67,0.398,ok
444,factory_trad_atr_breakout_v1,traditional_gen1,EURUSD,H1,845,1,0.1818,-4428.51,-0.925,0.875,45.7,0.343,ok
445,factory_trad_ema_trend_v1,traditional_gen1,USDCAD,H4,151,1,0.1815,-812.21,-0.843,0.846,20.47,0.212,ok
446,factory_trad_atr_trail_v1,traditional_gen1,USDCAD,H1,636,1,0.1812,-3061.26,-0.93,0.823,40.93,0.225,ok
447,factory_trad_stochastic_v1,traditional_gen1,NZDUSD,H1,829,1,0.1804,-1614.95,-0.242,0.961,38.34,0.483,ok
448,factory_hyb_stoch_trend_v1,hybrid_gen1,USDCAD,H1,142,1,0.1801,-1839.87,-1.911,0.753,28.35,0.359,ok
449,factory_hyb_keltner_adx_v1,hybrid_gen1,USDCHF,H1,273,1,0.18,-1364.55,-0.568,0.912,21.33,0.355,ok
450,factory_trad_vwap_bias_v1,traditional_gen1,USDCAD,H4,200,1,0.1795,-1887.9,-1.947,0.694,22.85,0.24,ok
451,factory_trad_donchian_breakout_v1,traditional_gen1,USDCAD,H1,249,1,0.1789,-2359.8,-1.277,0.824,23.6,0.317,ok
452,factory_trad_sr_breakout_v1,traditional_gen1,USDCAD,H1,142,1,0.1778,-1187.21,-0.982,0.855,21.41,0.338,ok
453,factory_trad_adx_trend_v1,traditional_gen1,USDCAD,H1,229,1,0.1776,-3364.56,-2.523,0.663,34.23,0.288,ok
454,factory_hyb_ema_macd_v1,hybrid_gen1,NZDUSD,H1,408,1,0.177,-1369.92,-0.401,0.926,22.23,0.299,ok
455,factory_trad_ema_crossover_v1,traditional_gen1,NZDUSD,H1,408,1,0.177,-1369.92,-0.401,0.926,22.23,0.299,ok
456,factory_hyb_ema_macd_v1,hybrid_gen1,GBPUSD,H1,418,1,0.1769,-2511.62,-0.834,0.888,33.96,0.294,ok
457,factory_trad_ema_crossover_v1,traditional_gen1,GBPUSD,H1,418,1,0.1769,-2511.62,-0.834,0.888,33.96,0.294,ok
458,factory_hyb_keltner_adx_v1,hybrid_gen1,USDCAD,H4,39,0,0.1762,-728.32,-2.282,0.713,14.86,0.282,ok
459,factory_trad_cci_meanrev_v1,traditional_gen1,GBPUSD,H4,237,1,0.1752,-185.66,-0.033,0.986,23.78,0.481,ok
460,factory_trad_sr_bounce_v1,traditional_gen1,USDCHF,H1,564,1,0.1748,-2321.3,-0.586,0.92,40.35,0.429,ok
461,factory_hyb_macd_ema_trend_v1,hybrid_gen1,USDCAD,H1,195,1,0.1739,-3454.08,-2.969,0.618,39.64,0.272,ok
462,factory_trad_macd_cross_v1,traditional_gen1,EURUSD,H1,906,1,0.173,-1992.77,-0.282,0.953,42.07,0.342,ok
463,factory_hyb_ema_macd_v1,hybrid_gen1,EURUSD,H1,418,1,0.1725,-944.66,-0.211,0.96,36.02,0.301,ok
464,factory_trad_ema_crossover_v1,traditional_gen1,EURUSD,H1,418,1,0.1725,-944.66,-0.211,0.96,36.02,0.301,ok
465,factory_trad_rsi_trend_v1,traditional_gen1,GBPUSD,H4,193,1,0.1717,-1791.25,-1.315,0.798,31.25,0.316,ok
466,factory_trad_roc_momentum_v1,traditional_gen1,USDCHF,H1,1,0,0.1712,-100.0,0.0,0.0,1.0,0.0,ok
467,factory_trad_roc_momentum_v1,traditional_gen1,EURUSD,H1,1,0,0.1711,-100.0,0.0,0.0,1.0,0.0,ok
468,factory_trad_keltner_breakout_v1,traditional_gen1,NZDUSD,H1,301,1,0.1698,-912.97,-0.299,0.942,23.95,0.375,ok
469,factory_trad_bb_breakout_v1,traditional_gen1,USDCAD,H1,272,1,0.1689,-1687.48,-0.793,0.873,24.07,0.338,ok
470,factory_trad_sma_crossover_v1,traditional_gen1,USDCHF,H4,130,1,0.1689,-1705.65,-1.873,0.738,24.51,0.308,ok
471,factory_trad_donchian_breakout_v1,traditional_gen1,GBPUSD,H4,124,1,0.1687,-1394.72,-1.421,0.788,28.64,0.298,ok
472,factory_trad_keltner_breakout_v1,traditional_gen1,USDCHF,H1,330,1,0.1666,-1765.86,-0.627,0.901,24.75,0.348,ok
473,factory_trad_keltner_breakout_v1,traditional_gen1,USDCAD,H4,44,0,0.1661,-851.02,-2.422,0.696,17.65,0.273,ok
474,factory_hyb_psar_macd_v1,hybrid_gen1,AUDUSD,H1,324,1,0.165,-714.64,-0.177,0.958,25.09,0.34,ok
475,factory_trad_adx_trend_v1,traditional_gen1,EURUSD,H1,491,1,0.163,-2162.58,-0.576,0.918,37.79,0.336,ok
476,factory_trad_sma_crossover_v1,traditional_gen1,AUDUSD,H1,456,1,0.1624,-745.27,-0.137,0.969,28.71,0.353,ok
477,factory_hyb_stoch_trend_v1,hybrid_gen1,USDCHF,H1,238,1,0.1571,-1406.27,-0.782,0.885,26.4,0.395,ok
478,factory_trad_sma_trend_v1,traditional_gen1,USDCAD,H1,531,1,0.1565,-2066.39,-0.617,0.883,30.31,0.245,ok
479,factory_trad_roc_momentum_v1,traditional_gen1,USDCHF,H4,7,0,0.1557,-344.0,-7.08,0.354,4.35,0.143,ok
480,factory_trad_donchian_breakout_v1,traditional_gen1,USDCHF,H1,457,1,0.1548,-464.55,-0.029,0.981,30.92,0.352,ok
481,factory_hyb_macd_ema_trend_v1,hybrid_gen1,EURUSD,H1,363,1,0.1533,-701.07,-0.155,0.967,27.1,0.322,ok
482,factory_trad_bb_meanrev_v1,traditional_gen1,USDCHF,H1,606,1,0.1526,-1046.68,-0.179,0.969,31.29,0.455,ok
483,factory_hyb_macd_rsi_v1,hybrid_gen1,EURUSD,H1,437,1,0.1519,-150.15,0.048,0.994,28.39,0.32,ok
484,factory_hyb_macd_rsi_v1,hybrid_gen1,GBPUSD,H1,453,1,0.1491,-711.01,-0.122,0.965,30.25,0.322,ok
485,factory_hyb_macd_ema_trend_v1,hybrid_gen1,GBPUSD,H1,392,1,0.1489,-830.9,-0.188,0.955,30.66,0.332,ok
486,factory_trad_cci_meanrev_v1,traditional_gen1,NZDUSD,H1,894,1,0.1399,-571.85,-0.021,0.989,38.78,0.499,ok
487,factory_trad_sma_crossover_v1,traditional_gen1,GBPUSD,H1,444,1,0.1397,-2263.59,-0.688,0.903,35.0,0.338,ok
488,factory_trad_stochastic_v1,traditional_gen1,USDCHF,H1,784,1,0.1392,-1375.5,-0.204,0.968,38.61,0.483,ok
489,factory_trad_cci_meanrev_v1,traditional_gen1,USDCHF,H1,942,1,0.1389,-1707.13,-0.231,0.962,30.07,0.492,ok
490,factory_hyb_psar_macd_v1,hybrid_gen1,NZDUSD,H1,319,1,0.137,-1332.51,-0.445,0.918,31.81,0.339,ok
